-- phpMyAdmin SQL Dump
-- version 5.0.4
-- https://www.phpmyadmin.net/
--
-- Host: 127.0.0.1
-- Generation Time: Jan 03, 2022 at 07:25 AM
-- Server version: 10.4.17-MariaDB
-- PHP Version: 8.0.2

SET SQL_MODE = "NO_AUTO_VALUE_ON_ZERO";
START TRANSACTION;
SET time_zone = "+00:00";


/*!40101 SET @OLD_CHARACTER_SET_CLIENT=@@CHARACTER_SET_CLIENT */;
/*!40101 SET @OLD_CHARACTER_SET_RESULTS=@@CHARACTER_SET_RESULTS */;
/*!40101 SET @OLD_COLLATION_CONNECTION=@@COLLATION_CONNECTION */;
/*!40101 SET NAMES utf8mb4 */;

--
-- Database: `ems`
--

-- --------------------------------------------------------

--
-- Table structure for table `alogin`
--

CREATE TABLE `alogin` (
  `id` int(11) NOT NULL,
  `email` tinytext NOT NULL,
  `password` longtext NOT NULL
) ENGINE=InnoDB DEFAULT CHARSET=latin1;

--
-- Dumping data for table `alogin`
--

INSERT INTO `alogin` (`id`, `email`, `password`) VALUES
(1, 'admin', 'admin');

-- --------------------------------------------------------

--
-- Table structure for table `employee`
--

CREATE TABLE `employee` (
  `id` int(11) NOT NULL,
  `firstName` varchar(100) NOT NULL,
  `lastName` varchar(100) NOT NULL,
  `email` varchar(100) NOT NULL,
  `password` text NOT NULL,
  `birthday` date NOT NULL,
  `gender` varchar(10) NOT NULL,
  `contact` varchar(20) NOT NULL,
  `nid` int(20) NOT NULL,
  `address` varchar(100) DEFAULT NULL,
  `dept` varchar(100) NOT NULL,
  `degree` varchar(100) NOT NULL,
  `pic` text NOT NULL
) ENGINE=InnoDB DEFAULT CHARSET=latin1;

--
-- Dumping data for table `employee`
--

INSERT INTO `employee` (`id`, `firstName`, `lastName`, `email`, `password`, `birthday`, `gender`, `contact`, `nid`, `address`, `dept`, `degree`, `pic`) VALUES
(2, 'PAZHANI', 'SAMY', 'pazhanisamy3434@gmail.com', '1234', '1999-12-01', 'Male', '9876543210', 6, 'cuddalore', 'IT', 'Computer Science', 'images/IMG_20191018_093827.jpg'),
(3, 'Anbu', 'mani', 'anbu@gmail.com', '1234', '1999-02-12', 'Male', '9876543210', 4, 'panruti', 'IT', 'Computer Science', 'images/default.jpg'),
(4, 'TAMIL', 'mani', 'tamil@gmail.com', '1234', '1999-10-01', 'Male', '9876543210', 5, 'cuddalore', 'IT', 'Computer Science', 'images/logo.jpg'),
(6, 'SINGARA', 'VELAN', 'velan@gmail.com', '1234', '1999-10-01', 'Male', '8124699627', 1, '152 MUTHIYA MUDHALIYAR ST ', 'IT', 'BSC COMPUTER SCIENCE', 'images/no.jpg'),
(7, 'Thiru', 'kumaran', 'thiru@gmail.com', '1234', '1999-12-01', 'Male', '9876543210', 1, 'panruti', 'Developer', 'BSC COMPUTER SCIENCE', 'images/no.jpg');

-- --------------------------------------------------------

--
-- Table structure for table `employee_leave`
--

CREATE TABLE `employee_leave` (
  `id` int(11) DEFAULT NULL,
  `token` int(11) NOT NULL,
  `start` date DEFAULT NULL,
  `end` date DEFAULT NULL,
  `reason` char(100) DEFAULT NULL,
  `status` char(50) DEFAULT NULL
) ENGINE=InnoDB DEFAULT CHARSET=latin1;

--
-- Dumping data for table `employee_leave`
--

INSERT INTO `employee_leave` (`id`, `token`, `start`, `end`, `reason`, `status`) VALUES
(2, 2, '2021-09-11', '2021-09-12', 'covid19', 'Approved'),
(2, 6, '2021-09-19', '2021-09-23', 'covid19', 'Approved'),
(2, 8, '2021-12-01', '2021-12-03', '', 'Approved');

-- --------------------------------------------------------

--
-- Table structure for table `project`
--

CREATE TABLE `project` (
  `pid` int(11) NOT NULL,
  `eid` int(11) DEFAULT NULL,
  `pname` varchar(100) DEFAULT NULL,
  `duedate` date DEFAULT NULL,
  `subdate` date DEFAULT '0000-00-00',
  `mark` int(11) NOT NULL,
  `status` varchar(50) DEFAULT NULL
) ENGINE=InnoDB DEFAULT CHARSET=latin1;

--
-- Dumping data for table `project`
--

INSERT INTO `project` (`pid`, `eid`, `pname`, `duedate`, `subdate`, `mark`, `status`) VALUES
(5, 2, 'ems', '2021-09-11', '2021-09-21', 2, 'Submitted'),
(6, 2, 'mini project', '2021-09-11', '2021-09-21', 1, 'Submitted');

-- --------------------------------------------------------

--
-- Table structure for table `rank`
--

CREATE TABLE `rank` (
  `eid` int(11) NOT NULL,
  `points` int(11) DEFAULT 0
) ENGINE=InnoDB DEFAULT CHARSET=latin1;

--
-- Dumping data for table `rank`
--

INSERT INTO `rank` (`eid`, `points`) VALUES
(2, 0),
(3, 0),
(4, 0),
(6, 0),
(7, 0);

-- --------------------------------------------------------

--
-- Table structure for table `salary`
--

CREATE TABLE `salary` (
  `id` int(11) NOT NULL,
  `base` int(11) NOT NULL,
  `bonus` int(11) DEFAULT NULL,
  `total` int(11) DEFAULT NULL
) ENGINE=InnoDB DEFAULT CHARSET=latin1;

--
-- Dumping data for table `salary`
--

INSERT INTO `salary` (`id`, `base`, `bonus`, `total`) VALUES
(2, 10000, 0, 10000),
(3, 10000, 0, 10000),
(4, 10000, 0, 10000),
(6, 10000, 0, 10000),
(7, 15000, 0, 15000);

--
-- Indexes for dumped tables
--

--
-- Indexes for table `alogin`
--
ALTER TABLE `alogin`
  ADD PRIMARY KEY (`id`);

--
-- Indexes for table `employee`
--
ALTER TABLE `employee`
  ADD PRIMARY KEY (`id`),
  ADD UNIQUE KEY `email` (`email`);

--
-- Indexes for table `employee_leave`
--
ALTER TABLE `employee_leave`
  ADD PRIMARY KEY (`token`),
  ADD KEY `employee_leave_ibfk_1` (`id`);

--
-- Indexes for table `project`
--
ALTER TABLE `project`
  ADD PRIMARY KEY (`pid`),
  ADD KEY `project_ibfk_1` (`eid`);

--
-- Indexes for table `rank`
--
ALTER TABLE `rank`
  ADD PRIMARY KEY (`eid`);

--
-- Indexes for table `salary`
--
ALTER TABLE `salary`
  ADD PRIMARY KEY (`id`);

--
-- AUTO_INCREMENT for dumped tables
--

--
-- AUTO_INCREMENT for table `alogin`
--
ALTER TABLE `alogin`
  MODIFY `id` int(11) NOT NULL AUTO_INCREMENT, AUTO_INCREMENT=2;

--
-- AUTO_INCREMENT for table `employee`
--
ALTER TABLE `employee`
  MODIFY `id` int(11) NOT NULL AUTO_INCREMENT, AUTO_INCREMENT=44;

--
-- AUTO_INCREMENT for table `employee_leave`
--
ALTER TABLE `employee_leave`
  MODIFY `token` int(11) NOT NULL AUTO_INCREMENT, AUTO_INCREMENT=9;

--
-- AUTO_INCREMENT for table `project`
--
ALTER TABLE `project`
  MODIFY `pid` int(11) NOT NULL AUTO_INCREMENT, AUTO_INCREMENT=10;

--
-- Constraints for dumped tables
--

--
-- Constraints for table `employee_leave`
--
ALTER TABLE `employee_leave`
  ADD CONSTRAINT `employee_leave_ibfk_1` FOREIGN KEY (`id`) REFERENCES `employee` (`id`) ON DELETE CASCADE ON UPDATE CASCADE;

--
-- Constraints for table `project`
--
ALTER TABLE `project`
  ADD CONSTRAINT `project_ibfk_1` FOREIGN KEY (`eid`) REFERENCES `employee` (`id`) ON DELETE CASCADE ON UPDATE CASCADE;

--
-- Constraints for table `rank`
--
ALTER TABLE `rank`
  ADD CONSTRAINT `rank_ibfk_1` FOREIGN KEY (`eid`) REFERENCES `employee` (`id`) ON DELETE CASCADE ON UPDATE CASCADE;

--
-- Constraints for table `salary`
--
ALTER TABLE `salary`
  ADD CONSTRAINT `salary_ibfk_1` FOREIGN KEY (`id`) REFERENCES `employee` (`id`) ON DELETE CASCADE ON UPDATE CASCADE;
COMMIT;

/*!40101 SET CHARACTER_SET_CLIENT=@OLD_CHARACTER_SET_CLIENT */;
/*!40101 SET CHARACTER_SET_RESULTS=@OLD_CHARACTER_SET_RESULTS */;
/*!40101 SET COLLATION_CONNECTION=@OLD_COLLATION_CONNECTION */;
